[
    {
      "type": "constructor",
      "inputs": [],
      "stateMutability": "nonpayable"
    },
    {
      "type": "function",
      "name": "addToWhitelist",
      "inputs": [
        { "name": "wallet", "type": "address" },
        { "name": "name", "type": "string" },
        { "name": "studentId", "type": "uint256" }
      ],
      "outputs": [],
      "stateMutability": "nonpayable"
    },
    {
      "type": "function",
      "name": "allowance",
      "inputs": [
        { "name": "owner", "type": "address" },
        { "name": "spender", "type": "address" }
      ],
      "outputs": [
        { "name": "", "type": "uint256" }
      ],
      "stateMutability": "view"
    },
    {
      "type": "function",
      "name": "approve",
      "inputs": [
        { "name": "spender", "type": "address" },
        { "name": "value", "type": "uint256" }
      ],
      "outputs": [
        { "name": "", "type": "bool" }
      ],
      "stateMutability": "nonpayable"
    },
    {
      "type": "function",
      "name": "balanceOf",
      "inputs": [
        { "name": "account", "type": "address" }
      ],
      "outputs": [
        { "name": "", "type": "uint256" }
      ],
      "stateMutability": "view"
    },
    {
      "type": "function",
      "name": "decimals",
      "inputs": [],
      "outputs": [
        { "name": "", "type": "uint8" }
      ],
      "stateMutability": "view"
    },
    {
      "type": "function",
      "name": "getStudentInfo",
      "inputs": [
        { "name": "wallet", "type": "address" }
      ],
      "outputs": [
        {
          "name": "",
          "type": "tuple",
          "components": [
            { "name": "name", "type": "string" },
            { "name": "studentId", "type": "uint256" },
            { "name": "isWhitelisted", "type": "bool" }
          ]
        }
      ],
      "stateMutability": "view"
    },
    {
      "type": "function",
      "name": "mint",
      "inputs": [
        { "name": "to", "type": "address" },
        { "name": "amount", "type": "uint256" }
      ],
      "outputs": [],
      "stateMutability": "nonpayable"
    },
    {
      "type": "function",
      "name": "name",
      "inputs": [],
      "outputs": [
        { "name": "", "type": "string" }
      ],
      "stateMutability": "view"
    },
    {
      "type": "function",
      "name": "owner",
      "inputs": [],
      "outputs": [
        { "name": "", "type": "address" }
      ],
      "stateMutability": "view"
    },
    {
      "type": "function",
      "name": "removeFromWhitelist",
      "inputs": [
        { "name": "wallet", "type": "address" }
      ],
      "outputs": [],
      "stateMutability": "nonpayable"
    },
    {
      "type": "function",
      "name": "renounceOwnership",
      "inputs": [],
      "outputs": [],
      "stateMutability": "nonpayable"
    },
    {
      "type": "function",
      "name": "students",
      "inputs": [
        { "name": "", "type": "address" }
      ],
      "outputs": [
        { "name": "name", "type": "string" },
        { "name": "studentId", "type": "uint256" },
        { "name": "isWhitelisted", "type": "bool" }
      ],
      "stateMutability": "view"
    },
    {
      "type": "function",
      "name": "symbol",
      "inputs": [],
      "outputs": [
        { "name": "", "type": "string" }
      ],
      "stateMutability": "view"
    },
    {
      "type": "function",
      "name": "totalSupply",
      "inputs": [],
      "outputs": [
        { "name": "", "type": "uint256" }
      ],
      "stateMutability": "view"
    },
    {
      "type": "function",
      "name": "transfer",
      "inputs": [
        { "name": "to", "type": "address" },
        { "name": "value", "type": "uint256" }
      ],
      "outputs": [
        { "name": "", "type": "bool" }
      ],
      "stateMutability": "nonpayable"
    },
    {
      "type": "function",
      "name": "transferFrom",
      "inputs": [
        { "name": "from", "type": "address" },
        { "name": "to", "type": "address" },
        { "name": "value", "type": "uint256" }
      ],
      "outputs": [
        { "name": "", "type": "bool" }
      ],
      "stateMutability": "nonpayable"
    },
    {
      "type": "function",
      "name": "transferOwnership",
      "inputs": [
        { "name": "newOwner", "type": "address" }
      ],
      "outputs": [],
      "stateMutability": "nonpayable"
    }
  ]
  